{"count":1,"self":22.104832,"total":132.4551981,"children":{"InitializeActuators":{"count":12,"self":0.0015164,"total":0.0015164,"children":null},"InitializeSensors":{"count":12,"self":0.0010121,"total":0.0010121,"children":null},"AgentSendState":{"count":48184,"self":0.9314532,"total":3.4553277,"children":{"CollectObservations":{"count":115644,"self":0.3615274,"total":0.3615274,"children":null},"WriteActionMask":{"count":115644,"self":0.15945679999999998,"total":0.15945679999999998,"children":null},"RequestDecision":{"count":115644,"self":0.70590409999999992,"total":2.0028903,"children":{"AgentInfo.ToProto":{"count":115644,"self":0.56205359999999993,"total":1.2969861999999999,"children":{"GenerateSensorData":{"count":115644,"self":0.73493259999999994,"total":0.73493259999999994,"children":null}}}}}}},"DecideAction":{"count":48184,"self":104.694848,"total":104.69484489999999,"children":null},"AgentAct":{"count":48184,"self":2.1567727999999997,"total":2.1976649999999998,"children":{"AgentInfo.ToProto":{"count":1918,"self":0.0179597,"total":0.0408921,"children":{"GenerateSensorData":{"count":1918,"self":0.0229324,"total":0.0229324,"children":null}}}}}},"gauges":{"3DBall.CumulativeReward":{"count":1918,"max":100.099045,"min":0.100000165,"runningAverage":4.706031,"value":99.99905,"weightedAverage":98.68472}},"metadata":{"timer_format_version":"0.1.0","start_time_seconds":"1671913230","unity_version":"2021.3.9f1","command_line_arguments":"C:\\Program Files\\Unity\\Hub\\Editor\\2021.3.9f1\\Editor\\Unity.exe -projectpath C:\\Users\\gothi\\Documents\\Unity projects\\MLAgentsConfigurationUI -useHub -hubIPC -cloudEnvironment production","communication_protocol_version":"1.5.0","com.unity.ml-agents_version":"2.3.0-exp.3","scene_name":"3DBall","end_time_seconds":"1671913362"}}